asset_id,asset_type,near_junction,motorway,latitude,longitude,zone_motorway,zone_junction_id,in_priority_zone
M1_18_asset1,Safety Barrier,18,M1,52.3505111007984,-1.1551416126041054,M1,18,True
M1_18_asset2,Gantry,18,M1,52.35237026580263,-1.154387026384641,M1,18,True
M1_18_asset3,Gantry,18,M1,52.34522389764011,-1.1592881131655943,,,False
M1_18_asset4,Gantry,18,M1,52.350630446918025,-1.1554065606011208,M1,18,True
M1_19_asset1,Gantry,19,M1,52.40813615575443,-1.1756712870190025,M1,19,True
M1_19_asset2,Signage,19,M1,52.40243744592426,-1.1850093743623735,,,False
M1_19_asset3,Signage,19,M1,52.4038446670919,-1.1800256936178288,M1,19,True
M1_19_asset4,Gantry,19,M1,52.41058696141549,-1.1786788331835871,,,False
M1_20_asset1,Gantry,20,M1,52.44795048941113,-1.1938107458076823,M1,20,True
M1_20_asset2,Gantry,20,M1,52.45599056501209,-1.1902450738127557,,,False
M1_20_asset3,Safety Barrier,20,M1,52.45113558083949,-1.190809512336494,M1,20,True
M1_20_asset4,Signage,20,M1,52.44701852243791,-1.200056389841864,,,False
M1_21_asset1,Safety Barrier,21,M1,52.60290557064299,-1.1981068687882923,M1,21,True
M1_21_asset2,Signage,21,M1,52.60369490764246,-1.1925337977906505,M1,21,True
M1_21_asset3,Signage,21,M1,52.598375319355725,-1.2036965852259764,,,False
M1_21_asset4,Signage,21,M1,52.603421108599775,-1.195510221257284,M1,21,True
M1_21A_asset1,Gantry,21A,M1,52.63634837618151,-1.2160512784917128,M1,21A,True
M1_21A_asset2,Safety Barrier,21A,M1,52.62896939205081,-1.210375450722823,,,False
M1_21A_asset3,Safety Barrier,21A,M1,52.63864574521909,-1.2179176403973948,,,False
M1_21A_asset4,Signage,21A,M1,52.636385371995765,-1.2141573962843315,M1,21A,True
M1_22_asset1,Signage,22,M1,52.70450226492866,-1.2925141915753962,,,False
M1_22_asset2,Signage,22,M1,52.69977911598565,-1.284388205500718,,,False
M1_22_asset3,Safety Barrier,22,M1,52.696233802585866,-1.2917961965224265,M1,22,True
M1_22_asset4,Signage,22,M1,52.70441345411453,-1.2927064221510374,,,False
M1_23_asset1,Gantry,23,M1,52.75864600386489,-1.282153194038688,,,False
M1_23_asset2,Safety Barrier,23,M1,52.76103155147875,-1.2741488412919435,M1,23,True
M1_23_asset3,Signage,23,M1,52.76090082063639,-1.2754960070649894,M1,23,True
M1_23_asset4,Signage,23,M1,52.75855163253517,-1.271311693576454,M1,23,True
M1_23A_asset1,Signage,23A,M1,52.81799834050695,-1.3152888378725436,,,False
M1_23A_asset2,Gantry,23A,M1,52.818498140994805,-1.308260755524847,M1,23A,True
M1_23A_asset3,Signage,23A,M1,52.813826110468895,-1.3049803216129616,M1,23A,True
M1_23A_asset4,Safety Barrier,23A,M1,52.81466434131851,-1.3140071113584302,,,False
M1_24_asset1,Gantry,24,M1,52.85169426325493,-1.3050328184928166,,,False
M1_24_asset2,Gantry,24,M1,52.84612689639212,-1.299206815094916,M1,24,True
M1_24_asset3,Gantry,24,M1,52.84503713531698,-1.2959016641593528,M1,24,True
M1_24_asset4,Gantry,24,M1,52.84299074139575,-1.2960833734569546,M1,24,True
M1_24A_asset1,Safety Barrier,24A,M1,52.86195661938201,-1.3068566970291149,M1,24A,True
M1_24A_asset2,Gantry,24A,M1,52.857759136073724,-1.3127612589742137,,,False
M1_24A_asset3,Signage,24A,M1,52.85786418569791,-1.3022492851414849,M1,24A,True
M1_24A_asset4,Safety Barrier,24A,M1,52.85333430838417,-1.3014144639566914,,,False
M1_25_asset1,Safety Barrier,25,M1,52.91732273789809,-1.295776287567223,M1,25,True
M1_25_asset2,Signage,25,M1,52.91522424938968,-1.2912889431304118,,,False
M1_25_asset3,Gantry,25,M1,52.9189816667673,-1.300555796826016,M1,25,True
M1_25_asset4,Signage,25,M1,52.91512299038998,-1.3020145102987637,M1,25,True
M1_26_asset1,Signage,26,M1,52.99398688499535,-1.2387875330593168,,,False
M1_26_asset2,Gantry,26,M1,52.99224203416545,-1.2349019835342654,M1,26,True
M1_26_asset3,Signage,26,M1,52.98809648221615,-1.2456847266604365,,,False
M1_26_asset4,Safety Barrier,26,M1,52.98719307703546,-1.2300618847666198,M1,26,True
M1_27_asset1,Safety Barrier,27,M1,53.067531935895545,-1.2617401745501635,,,False
M1_27_asset2,Signage,27,M1,53.06884784585252,-1.272552307953712,M1,27,True
M1_27_asset3,Safety Barrier,27,M1,53.06643477895309,-1.2712098700960432,M1,27,True
M1_27_asset4,Signage,27,M1,53.060306770331934,-1.2682121905670931,,,False
M6_1_asset1,Safety Barrier,1,M6,52.40697681254135,-1.2461944990015166,M6,1,True
M6_1_asset2,Signage,1,M6,52.40775909234026,-1.2439803814115429,M6,1,True
M6_1_asset3,Gantry,1,M6,52.40589035782661,-1.2426703147374434,M6,1,True
M6_1_asset4,Signage,1,M6,52.40584079140829,-1.2382547798126766,,,False
M6_10_asset1,Signage,10,M6,52.58808210853867,-2.013090537637974,M6,10,True
M6_10_asset2,Signage,10,M6,52.58289774000207,-2.017641920266946,M6,10,True
M6_10_asset3,Gantry,10,M6,52.58628608709459,-2.017677212384841,M6,10,True
M6_10_asset4,Gantry,10,M6,52.58940626824613,-2.0181678648235133,M6,10,True
M6_10A_asset1,Signage,10A,M6,52.62689683402989,-2.0462000271254785,M6,10A,True
M6_10A_asset2,Gantry,10A,M6,52.625696602546185,-2.047729028867834,M6,10A,True
M6_10A_asset3,Gantry,10A,M6,52.62644437304141,-2.044535757492329,M6,10A,True
M6_10A_asset4,Signage,10A,M6,52.63082223880426,-2.046597689800968,M6,10A,True
M6_11_asset1,Signage,11,M6,52.663909515987406,-2.056781620614021,,,False
M6_11_asset2,Safety Barrier,11,M6,52.65794970637919,-2.067309444366991,M6,11,True
M6_11_asset3,Gantry,11,M6,52.65729254527304,-2.063253661335657,M6,11,True
M6_11_asset4,Safety Barrier,11,M6,52.65652534928117,-2.0667860994986023,M6,11,True
M6_11A_asset1,Signage,11A,M6,52.67579325089432,-2.09191148347098,,,False
M6_11A_asset2,Gantry,11A,M6,52.6707440379801,-2.087771172985128,,,False
M6_11A_asset3,Gantry,11A,M6,52.6762655047537,-2.086960757934374,M6,11A,True
M6_11A_asset4,Safety Barrier,11A,M6,52.6764278676031,-2.0832507355822374,M6,11A,True
M6_12_asset1,Safety Barrier,12,M6,52.69184899912797,-2.101310033067937,M6,12,True
M6_12_asset2,Safety Barrier,12,M6,52.69722103653509,-2.1030762878725398,,,False
M6_12_asset3,Gantry,12,M6,52.684738046441055,-2.0994105023824488,,,False
M6_12_asset4,Gantry,12,M6,52.69280207054692,-2.091843218881096,,,False
M6_13_asset1,Gantry,13,M6,52.75895601599597,-2.0931585728262005,,,False
M6_13_asset2,Gantry,13,M6,52.76346634431365,-2.1009154630341045,M6,13,True
M6_13_asset3,Gantry,13,M6,52.75533841740436,-2.096873170435351,,,False
M6_13_asset4,Safety Barrier,13,M6,52.76512369720596,-2.112472493780556,,,False
M6_2_asset1,Safety Barrier,2,M6,52.4359723669696,-1.4176883746964457,,,False
M6_2_asset2,Signage,2,M6,52.44183094838486,-1.436027413930329,,,False
M6_2_asset3,Gantry,2,M6,52.43541409821332,-1.4293190019005573,M6,2,True
M6_2_asset4,Signage,2,M6,52.44527000555034,-1.4292858624241829,,,False
M6_3_asset1,Safety Barrier,3,M6,52.46195771601307,-1.494626374807008,M6,3,True
M6_3_asset2,Signage,3,M6,52.46432773691833,-1.4877468161881064,M6,3,True
M6_3_asset3,Gantry,3,M6,52.460834139890906,-1.4887429803770855,M6,3,True
M6_3_asset4,Gantry,3,M6,52.46256606248945,-1.492922020903564,M6,3,True
M6_3A_asset1,Gantry,3A,M6,52.4760319338673,-1.6751569240708308,M6,3A,True
M6_3A_asset2,Signage,3A,M6,52.47954569683665,-1.6856425912955462,,,False
M6_3A_asset3,Signage,3A,M6,52.48011301640902,-1.6763043192430285,M6,3A,True
M6_3A_asset4,Signage,3A,M6,52.47804250670093,-1.6695353116153862,,,False
M6_4_asset1,Gantry,4,M6,52.47999945372464,-1.7198911783913295,,,False
M6_4_asset2,Safety Barrier,4,M6,52.47869314199804,-1.710987055909194,M6,4,True
M6_4_asset3,Safety Barrier,4,M6,52.48398373062888,-1.715387655563391,,,False
M6_4_asset4,Gantry,4,M6,52.48274448583248,-1.7195292883467603,,,False
M6_4A_asset1,Signage,4A,M6,52.51240509505874,-1.7434769471627405,,,False
M6_4A_asset2,Gantry,4A,M6,52.51212360083813,-1.749520943114704,M6,4A,True
M6_4A_asset3,Safety Barrier,4A,M6,52.51210496669981,-1.753265977965735,M6,4A,True
M6_4A_asset4,Safety Barrier,4A,M6,52.50779302349444,-1.7434328733547408,,,False
M6_5_asset1,Signage,5,M6,52.51269975313466,-1.788968939670082,M6,5,True
M6_5_asset2,Signage,5,M6,52.50499927027411,-1.789946394814363,,,False
M6_5_asset3,Signage,5,M6,52.50849402035045,-1.7957554317930944,,,False
M6_5_asset4,Gantry,5,M6,52.51406728412575,-1.7902089845277522,,,False
M6_6_asset1,Signage,6,M6,52.51816417791167,-1.8647519726123831,,,False
M6_6_asset2,Signage,6,M6,52.51099517917631,-1.8673535022083343,M6,6,True
M6_6_asset3,Signage,6,M6,52.51441739572134,-1.86269581542984,M6,6,True
M6_6_asset4,Safety Barrier,6,M6,52.51007895474467,-1.866246925313094,M6,6,True
M6_7_asset1,Gantry,7,M6,52.55873526948004,-1.931434796919613,,,False
M6_7_asset2,Safety Barrier,7,M6,52.55397128056477,-1.9268299744253152,M6,7,True
M6_7_asset3,Gantry,7,M6,52.55289817493862,-1.9271096425930516,M6,7,True
M6_7_asset4,Signage,7,M6,52.55048276277783,-1.9337389748952467,M6,7,True
M6_8_asset1,Signage,8,M6,52.558070075297984,-1.9705857894907748,,,False
M6_8_asset2,Signage,8,M6,52.55626444148452,-1.961040541469584,M6,8,True
M6_8_asset3,Safety Barrier,8,M6,52.55386171539914,-1.957033829397252,M6,8,True
M6_8_asset4,Gantry,8,M6,52.555489977289696,-1.964671666088252,M6,8,True
M6_9_asset1,Gantry,9,M6,52.567541029931405,-1.9986705243288792,M6,9,True
M6_9_asset2,Gantry,9,M6,52.565678568490206,-2.000814017800135,M6,9,True
M6_9_asset3,Signage,9,M6,52.56432855956171,-2.005597586891705,M6,9,True
M6_9_asset4,Signage,9,M6,52.56466330944623,-1.999371827110887,M6,9,True
